재료(std),분류,총계_kgCO2e_per_kg,단계_luc,단계_farm,단계_feed,단계_processing,단계_transport,단계_retail,단계_packaging,단계_losses,단계_disposal,품질,sigma,출처,근거,비고
쌀,곡류,2.43,-0.012,1.94,0,0.0356,0.0522,0.0346,0.0458,0.3338,0,group_mean,0.35,S003;S001,한국 식품군 평균 'Cereals' 2.43 kgCO2e/kg(전체 시스템)을 P&N 'Rice' 단계 비율로 배분 (국내 자료 우선),P&N 전세계 평균 총량 4.45 → 국내 식품군 평균 2.43로 대체
현미,곡류,2.43,-0.012,1.94,0,0.0356,0.0522,0.0346,0.0458,0.3338,0,group_mean,0.35,S003;S001,한국 식품군 평균 'Cereals' 2.43 kgCO2e/kg(전체 시스템)을 P&N 'Rice' 단계 비율로 배분 (국내 자료 우선),P&N 전세계 평균 총량 4.45 → 국내 식품군 평균 2.43로 대체
흑미,곡류,2.43,-0.012,1.94,0,0.0356,0.0522,0.0346,0.0458,0.3338,0,group_mean,0.35,S003;S001,한국 식품군 평균 'Cereals' 2.43 kgCO2e/kg(전체 시스템)을 P&N 'Rice' 단계 비율로 배분 (국내 자료 우선),P&N 전세계 평균 총량 4.45 → 국내 식품군 평균 2.43로 대체
찹쌀,곡류,2.43,-0.012,1.94,0,0.0356,0.0522,0.0346,0.0458,0.3338,0,group_mean,0.35,S003;S001,한국 식품군 평균 'Cereals' 2.43 kgCO2e/kg(전체 시스템)을 P&N 'Rice' 단계 비율로 배분 (국내 자료 우선),P&N 전세계 평균 총량 4.45 → 국내 식품군 평균 2.43로 대체
보리,곡류,2.43,0.0179,0.3635,0,0.2631,0.0729,0.5432,1.0237,0.1457,0,group_mean,0.35,S003;S001,한국 식품군 평균 'Cereals' 2.43 kgCO2e/kg(전체 시스템)을 P&N 'Barley' 단계 비율로 배분 (국내 자료 우선),P&N 전세계 평균 총량 1.18 → 국내 식품군 평균 2.43로 대체
기장,곡류,2.43,0.0179,0.3635,0,0.2631,0.0729,0.5432,1.0237,0.1457,0,group_mean,0.35,S003;S001,한국 식품군 평균 'Cereals' 2.43 kgCO2e/kg(전체 시스템)을 P&N 'Barley' 단계 비율로 배분 (국내 자료 우선),P&N 전세계 평균 총량 1.18 → 국내 식품군 평균 2.43로 대체; 잡곡: 보리 대용
수수,,2.43,0.0179,0.3635,0,0.2631,0.0729,0.5432,1.0237,0.1457,0,group_mean,0.35,S003;S001,한국 식품군 평균 'Cereals' 2.43 kgCO2e/kg(전체 시스템)을 P&N 'Barley' 단계 비율로 배분 (국내 자료 우선),P&N 전세계 평균 총량 1.18 → 국내 식품군 평균 2.43로 대체; 잡곡: 보리 대용
조,곡류,2.43,0.0179,0.3635,0,0.2631,0.0729,0.5432,1.0237,0.1457,0,group_mean,0.35,S003;S001,한국 식품군 평균 'Cereals' 2.43 kgCO2e/kg(전체 시스템)을 P&N 'Barley' 단계 비율로 배분 (국내 자료 우선),P&N 전세계 평균 총량 1.18 → 국내 식품군 평균 2.43로 대체; 잡곡: 보리 대용
율무,곡류,2.43,0.0179,0.3635,0,0.2631,0.0729,0.5432,1.0237,0.1457,0,group_mean,0.35,S003;S001,한국 식품군 평균 'Cereals' 2.43 kgCO2e/kg(전체 시스템)을 P&N 'Barley' 단계 비율로 배분 (국내 자료 우선),P&N 전세계 평균 총량 1.18 → 국내 식품군 평균 2.43로 대체; 잡곡: 보리 대용
귀리,,2.43,0.0019,1.8344,0,0.0566,0.0894,0.0385,0.0885,0.3207,0,group_mean,0.35,S003;S001,한국 식품군 평균 'Cereals' 2.43 kgCO2e/kg(전체 시스템)을 P&N 'Oatmeal' 단계 비율로 배분 (국내 자료 우선),P&N 전세계 평균 총량 2.48 → 국내 식품군 평균 2.43로 대체
기타곡물,곡류,2.43,0.0179,0.3635,0,0.2631,0.0729,0.5432,1.0237,0.1457,0,group_mean,0.35,S003;S001,한국 식품군 평균 'Cereals' 2.43 kgCO2e/kg(전체 시스템)을 P&N 'Barley' 단계 비율로 배분 (국내 자료 우선),P&N 전세계 평균 총량 1.18 → 국내 식품군 평균 2.43로 대체
혼합잡곡,곡류,2.43,0.0179,0.3635,0,0.2631,0.0729,0.5432,1.0237,0.1457,0,group_mean,0.35,S003;S001,한국 식품군 평균 'Cereals' 2.43 kgCO2e/kg(전체 시스템)을 P&N 'Barley' 단계 비율로 배분 (국내 자료 우선),P&N 전세계 평균 총량 1.18 → 국내 식품군 평균 2.43로 대체; 잡곡 혼합
옥수수,곡류,1.7016,0.4752,0.7173,0,0.0783,0.0904,0.0393,0.0903,0.2108,0,direct,0.3,S001,P&N 2018 'Maize' 단계별 값 (전세계 평균),
밀가루,곡류,1.5736,0.0971,0.8203,0,0.2101,0.1254,0.056,0.0868,0.1779,0,direct,0.3,S001,P&N 2018 'Wheat & Rye' 단계별 값 (전세계 평균),
전분,곡류,0.4601,-0.0013,0.1931,0,0,0.0939,0.0392,0.0445,0.0907,0,proxy,0.45,S001,P&N 2018 'Potatoes' 단계별 값 (전세계 평균),감자전분 기준
미숫가루,곡류,2.43,0.0179,0.3635,0,0.2631,0.0729,0.5432,1.0237,0.1457,0,group_mean,0.35,S003;S001,한국 식품군 평균 'Cereals' 2.43 kgCO2e/kg(전체 시스템)을 P&N 'Barley' 단계 비율로 배분 (국내 자료 우선),P&N 전세계 평균 총량 1.18 → 국내 식품군 평균 2.43로 대체; 볶은 곡물가루
우유,유제품,3.5601,0.5786,1.7044,0.2754,0.1742,0.1053,0.2994,0.1132,0.3096,0,group_mean,0.35,S003;S001,한국 식품군 평균 'Milk and milk products' 3.56 kgCO2e/kg(전체 시스템)을 P&N 'Milk' 단계 비율로 배분 (국내 자료 우선),P&N 전세계 평균 총량 3.15 → 국내 식품군 평균 3.56로 대체
요거트,유제품,3.5601,0.5786,1.7044,0.2754,0.1742,0.1053,0.2994,0.1132,0.3096,0,group_mean,0.35,S003;S001,한국 식품군 평균 'Milk and milk products' 3.56 kgCO2e/kg(전체 시스템)을 P&N 'Milk' 단계 비율로 배분 (국내 자료 우선),"P&N 전세계 평균 총량 3.15 → 국내 식품군 평균 3.56로 대체; 우유 가공품, 가공 단계 가산 필요"
치즈,유제품,23.8776,4.4675,13.0955,2.3531,0.7404,0.1386,0.3333,0.1721,2.5771,0,direct,0.3,S001,P&N 2018 'Cheese' 단계별 값 (전세계 평균),
버터,유제품,23.8776,4.4675,13.0955,2.3531,0.7404,0.1386,0.3333,0.1721,2.5771,0,proxy,0.45,S001,P&N 2018 'Cheese' 단계별 값 (전세계 평균),"유지방 농축품, 치즈 대용"
생크림,유제품,23.8776,4.4675,13.0955,2.3531,0.7404,0.1386,0.3333,0.1721,2.5771,0,proxy,0.45,S001,P&N 2018 'Cheese' 단계별 값 (전세계 평균),유지방
두부,두류,1.3115,0,0.1975,0,0.474,0.1769,0.2702,0.1774,0,0.0155,direct_product,0.2,S005;S001,환경성적표지 인증 제품 2개 kg당 중앙값(제조전·제조·폐기) + P&N 'Tofu' 유통 대용,제품 예: 오늘좋은 국산콩 두부 기획(300g*2) 0.69; 오늘좋은 국산콩 두부(300g) 0.69
두유,두류,0.9752,0.18,0.0928,0,0.1625,0.1098,0.2702,0.0984,0.0615,0,direct,0.3,S001,P&N 2018 'Soy milk' 단계별 값 (전세계 평균),
콩류,두류,2.0599,0.0384,1.2555,0,0,0.1109,0.0453,0.4073,0.2025,0,group_mean,0.35,S003;S001,한국 식품군 평균 'Pulses' 2.06 kgCO2e/kg(전체 시스템)을 P&N 'Other Pulses' 단계 비율로 배분 (국내 자료 우선),P&N 전세계 평균 총량 1.79 → 국내 식품군 평균 2.06로 대체
낫토,두류,2.0599,0.0384,1.2555,0,0,0.1109,0.0453,0.4073,0.2025,0,group_mean,0.35,S003;S001,한국 식품군 평균 'Pulses' 2.06 kgCO2e/kg(전체 시스템)을 P&N 'Other Pulses' 단계 비율로 배분 (국내 자료 우선),P&N 전세계 평균 총량 1.79 → 국내 식품군 평균 2.06로 대체; 대두 발효
콩나물,채소,0.5321,0.0012,0.1762,0,0.0604,0.1655,0.0151,0.0417,0.072,0,proxy,0.45,S001,P&N 2018 'Other Vegetables' 단계별 값 (전세계 평균),콩 발아채소
숙주나물,채소,0.5321,0.0012,0.1762,0,0.0604,0.1655,0.0151,0.0417,0.072,0,proxy,0.45,S001,P&N 2018 'Other Vegetables' 단계별 값 (전세계 평균),
계란,난류,4.0799,0.6207,1.153,1.9267,0,0.0735,0.0311,0.141,0.1339,0,group_mean,0.35,S003;S001,한국 식품군 평균 'Eggs' 4.08 kgCO2e/kg(전체 시스템)을 P&N 'Eggs' 단계 비율로 배분 (국내 자료 우선),P&N 전세계 평균 총량 4.67 → 국내 식품군 평균 4.08로 대체
소고기,육류,41.3394,0,40.2947,0,0.6857,0.359,0,0,0,0,direct,0.3,S002,자급률 가중 혼합(국내산 42%): 기후솔루션 2026 단계별 값,
돼지고기,육류,13.0544,0.6508,9.7496,1.2466,0.5182,0.2022,0.0806,0.1254,0.481,0,direct,0.3,S002;S001,자급률 가중 혼합(국내산 71%): 기후솔루션 2026 단계별 값 + 수입분 P&N 대용,
닭고기,육류,6.4865,0.8771,3.7269,0.6131,0.6469,0.1253,0.061,0.0732,0.363,0,direct,0.3,S002;S001,자급률 가중 혼합(국내산 75%): 기후솔루션 2026 단계별 값 + 수입분 P&N 대용,
오리고기,육류,9.8659,3.5084,0.9278,2.4524,0.6074,0.3811,0.244,0.2927,1.4521,0,proxy,0.45,S001,P&N 2018 'Poultry Meat' 단계별 값 (전세계 평균),가금류
양고기,,39.7222,0.6482,27.0257,3.2832,1.5396,0.6789,0.3008,0.3476,5.8982,0,direct,0.3,S001,P&N 2018 'Lamb & Mutton' 단계별 값 (전세계 평균),
육가공품,가공식품,5.8457,0,4.06,0,0.481,0.5013,0.2781,0.4323,0,0.093,direct_product,0.2,S005;S001,환경성적표지 인증 제품 1개 kg당 중앙값(제조전·제조·폐기) + P&N 'Pig Meat' 유통 대용,제품 예: 동물복지 돼지로 만든 순햄 (200g) 4.63
등푸른생선,어패류,7.7601,0.6801,4.5858,1.0442,0.0254,0.1412,0.0512,0.0783,1.1539,0,group_mean,0.35,S003;S001,한국 식품군 평균 'Fishes' 7.76 kgCO2e/kg(전체 시스템)을 P&N 'Fish (farmed)' 단계 비율로 배분,P&N 양식어 13.6은 어획어 중심의 국내 급식 생선에 과대 → 국내 식품군 평균 채택
흰살생선,어패류,7.7601,0.6801,4.5858,1.0442,0.0254,0.1412,0.0512,0.0783,1.1539,0,group_mean,0.35,S003;S001,한국 식품군 평균 'Fishes' 7.76 kgCO2e/kg(전체 시스템)을 P&N 'Fish (farmed)' 단계 비율로 배분,P&N 양식어 13.6은 어획어 중심의 국내 급식 생선에 과대 → 국내 식품군 평균 채택
명태·황태,어패류,7.7601,0.6801,4.5858,1.0442,0.0254,0.1412,0.0512,0.0783,1.1539,0,group_mean,0.35,S003;S001,한국 식품군 평균 'Fishes' 7.76 kgCO2e/kg(전체 시스템)을 P&N 'Fish (farmed)' 단계 비율로 배분,P&N 양식어 13.6은 어획어 중심의 국내 급식 생선에 과대 → 국내 식품군 평균 채택
멸치,어패류,7.7601,0.6801,4.5858,1.0442,0.0254,0.1412,0.0512,0.0783,1.1539,0,group_mean,0.35,S003;S001,한국 식품군 평균 'Fishes' 7.76 kgCO2e/kg(전체 시스템)을 P&N 'Fish (farmed)' 단계 비율로 배분,P&N 양식어 13.6은 어획어 중심의 국내 급식 생선에 과대 → 국내 식품군 평균 채택
오징어·낙지류,어패류,7.7601,0.6801,4.5858,1.0442,0.0254,0.1412,0.0512,0.0783,1.1539,0,group_mean,0.35,S003;S001,한국 식품군 평균 'Fishes' 7.76 kgCO2e/kg(전체 시스템)을 P&N 'Fish (farmed)' 단계 비율로 배분,P&N 양식어 13.6은 어획어 중심의 국내 급식 생선에 과대 → 국내 식품군 평균 채택
새우,어패류,7.7601,0.6801,4.5858,1.0442,0.0254,0.1412,0.0512,0.0783,1.1539,0,group_mean,0.35,S003;S001,한국 식품군 평균 'Fishes' 7.76 kgCO2e/kg(전체 시스템)을 P&N 'Fish (farmed)' 단계 비율로 배분,P&N 양식어 13.6은 어획어 중심의 국내 급식 생선에 과대 → 국내 식품군 평균 채택
조개류,어패류,7.7601,0.6801,4.5858,1.0442,0.0254,0.1412,0.0512,0.0783,1.1539,0,group_mean,0.35,S003;S001,한국 식품군 평균 'Fishes' 7.76 kgCO2e/kg(전체 시스템)을 P&N 'Fish (farmed)' 단계 비율로 배분,P&N 양식어 13.6은 어획어 중심의 국내 급식 생선에 과대 → 국내 식품군 평균 채택
게,어패류,7.7601,0.6801,4.5858,1.0442,0.0254,0.1412,0.0512,0.0783,1.1539,0,group_mean,0.35,S003;S001,한국 식품군 평균 'Fishes' 7.76 kgCO2e/kg(전체 시스템)을 P&N 'Fish (farmed)' 단계 비율로 배분,P&N 양식어 13.6은 어획어 중심의 국내 급식 생선에 과대 → 국내 식품군 평균 채택
어묵·어육가공,가공식품,7.9702,0.6801,4.5858,1.0442,0.2355,0.1412,0.0512,0.0783,1.1539,0,group_mean,0.35,S003;S001,한국 식품군 평균 'Fishes' 7.76 kgCO2e/kg(전체 시스템)을 P&N 'Fish (farmed)' 단계 비율로 배분 + 어육 가공 대용,P&N 양식어 13.6은 어획어 중심의 국내 급식 생선에 과대 → 국내 식품군 평균 채택
젓갈·액젓,양념,7.7601,0.6801,4.5858,1.0442,0.0254,0.1412,0.0512,0.0783,1.1539,0,group_mean,0.35,S003;S001,한국 식품군 평균 'Fishes' 7.76 kgCO2e/kg(전체 시스템)을 P&N 'Fish (farmed)' 단계 비율로 배분 (염장; 사용량 적음),P&N 양식어 13.6은 어획어 중심의 국내 급식 생선에 과대 → 국내 식품군 평균 채택
미역,해조류,0.5899,0.0013,0.1954,0,0.067,0.1835,0.0167,0.0462,0.0798,0,group_mean,0.35,S003;S001,한국 식품군 평균 'Seaweeds' 0.59 kgCO2e/kg(전체 시스템)을 P&N 'Other Vegetables' 단계 비율로 배분 (국내 자료 우선),P&N 전세계 평균 총량 0.53 → 국내 식품군 평균 0.59로 대체; 해조류; S003 Seaweeds 0.59(전체 시스템) 참고
다시마,해조류,0.5899,0.0013,0.1954,0,0.067,0.1835,0.0167,0.0462,0.0798,0,group_mean,0.35,S003;S001,한국 식품군 평균 'Seaweeds' 0.59 kgCO2e/kg(전체 시스템)을 P&N 'Other Vegetables' 단계 비율로 배분 (국내 자료 우선),P&N 전세계 평균 총량 0.53 → 국내 식품군 평균 0.59로 대체; 해조류
김·해조류,해조류,0.5899,0.0013,0.1954,0,0.067,0.1835,0.0167,0.0462,0.0798,0,group_mean,0.35,S003;S001,한국 식품군 평균 'Seaweeds' 0.59 kgCO2e/kg(전체 시스템)을 P&N 'Other Vegetables' 단계 비율로 배분 (국내 자료 우선),P&N 전세계 평균 총량 0.53 → 국내 식품군 평균 0.59로 대체; 해조류
양파,채소,0.4967,0.0048,0.211,0,0,0.0948,0.0392,0.0448,0.1021,0,direct,0.3,S001,P&N 2018 'Onions & Leeks' 단계별 값 (전세계 평균),
대파,채소,0.4967,0.0048,0.211,0,0,0.0948,0.0392,0.0448,0.1021,0,direct,0.3,S001,P&N 2018 'Onions & Leeks' 단계별 값 (전세계 평균),
쪽파,채소,0.4967,0.0048,0.211,0,0,0.0948,0.0392,0.0448,0.1021,0,direct,0.3,S001,P&N 2018 'Onions & Leeks' 단계별 값 (전세계 평균),
마늘,채소,0.4967,0.0048,0.211,0,0,0.0948,0.0392,0.0448,0.1021,0,proxy,0.45,S001,P&N 2018 'Onions & Leeks' 단계별 값 (전세계 평균),파속
생강,채소,0.4264,0.0134,0.154,0,0,0.1138,0.0389,0.0447,0.0616,0,proxy,0.45,S001,P&N 2018 'Root Vegetables' 단계별 값 (전세계 평균),
고추,채소,0.5321,0.0012,0.1762,0,0.0604,0.1655,0.0151,0.0417,0.072,0,direct,0.3,S001,P&N 2018 'Other Vegetables' 단계별 값 (전세계 평균),
고춧가루,양념,0.5321,0.0012,0.1762,0,0.0604,0.1655,0.0151,0.0417,0.072,0,proxy,0.45,S001,P&N 2018 'Other Vegetables' 단계별 값 (전세계 평균),건조·분쇄로 원물 대비 농축(약 6~7배 중량 감소) → 별도 산정 필요
피망·파프리카,채소,2.0887,0.373,0.7054,0,0.0124,0.1771,0.0167,0.1457,0.6584,0,proxy,0.45,S001,P&N 2018 'Tomatoes' 단계별 값 (전세계 평균),시설재배 과채
당근,채소,0.4264,0.0134,0.154,0,0,0.1138,0.0389,0.0447,0.0616,0,direct,0.3,S001,P&N 2018 'Root Vegetables' 단계별 값 (전세계 평균),
무,채소,0.4264,0.0134,0.154,0,0,0.1138,0.0389,0.0447,0.0616,0,direct,0.3,S001,P&N 2018 'Root Vegetables' 단계별 값 (전세계 평균),
감자,채소,0.4601,-0.0013,0.1931,0,0,0.0939,0.0392,0.0445,0.0907,0,direct,0.3,S001,P&N 2018 'Potatoes' 단계별 값 (전세계 평균),
고구마,채소,0.4264,0.0134,0.154,0,0,0.1138,0.0389,0.0447,0.0616,0,direct,0.3,S001,P&N 2018 'Root Vegetables' 단계별 값 (전세계 평균),
뿌리채소,채소,0.4264,0.0134,0.154,0,0,0.1138,0.0389,0.0447,0.0616,0,direct,0.3,S001,P&N 2018 'Root Vegetables' 단계별 값 (전세계 평균),
애호박,채소,0.5321,0.0012,0.1762,0,0.0604,0.1655,0.0151,0.0417,0.072,0,direct,0.3,S001,P&N 2018 'Other Vegetables' 단계별 값 (전세계 평균),
단호박,채소,0.5321,0.0012,0.1762,0,0.0604,0.1655,0.0151,0.0417,0.072,0,direct,0.3,S001,P&N 2018 'Other Vegetables' 단계별 값 (전세계 평균),
오이,채소,0.5321,0.0012,0.1762,0,0.0604,0.1655,0.0151,0.0417,0.072,0,direct,0.3,S001,P&N 2018 'Other Vegetables' 단계별 값 (전세계 평균),시설재배 시 상향
가지,채소,0.5321,0.0012,0.1762,0,0.0604,0.1655,0.0151,0.0417,0.072,0,direct,0.3,S001,P&N 2018 'Other Vegetables' 단계별 값 (전세계 평균),
토마토,채소,2.0887,0.373,0.7054,0,0.0124,0.1771,0.0167,0.1457,0.6584,0,direct,0.3,S001,P&N 2018 'Tomatoes' 단계별 값 (전세계 평균),
양배추,채소,0.5144,0.0022,0.2777,0,0,0.0946,0.0168,0.0453,0.0778,0,direct,0.3,S001,P&N 2018 'Brassicas' 단계별 값 (전세계 평균),
배추,채소,0.5144,0.0022,0.2777,0,0,0.0946,0.0168,0.0453,0.0778,0,direct,0.3,S001,P&N 2018 'Brassicas' 단계별 값 (전세계 평균),
브로콜리,채소,0.5144,0.0022,0.2777,0,0,0.0946,0.0168,0.0453,0.0778,0,direct,0.3,S001,P&N 2018 'Brassicas' 단계별 값 (전세계 평균),
상추류,채소,0.5321,0.0012,0.1762,0,0.0604,0.1655,0.0151,0.0417,0.072,0,direct,0.3,S001,P&N 2018 'Other Vegetables' 단계별 값 (전세계 평균),
청경채,채소,0.5144,0.0022,0.2777,0,0,0.0946,0.0168,0.0453,0.0778,0,direct,0.3,S001,P&N 2018 'Brassicas' 단계별 값 (전세계 평균),
시금치,채소,0.5321,0.0012,0.1762,0,0.0604,0.1655,0.0151,0.0417,0.072,0,direct,0.3,S001,P&N 2018 'Other Vegetables' 단계별 값 (전세계 평균),
부추,채소,0.5321,0.0012,0.1762,0,0.0604,0.1655,0.0151,0.0417,0.072,0,direct,0.3,S001,P&N 2018 'Other Vegetables' 단계별 값 (전세계 평균),
깻잎,채소,0.5321,0.0012,0.1762,0,0.0604,0.1655,0.0151,0.0417,0.072,0,direct,0.3,S001,P&N 2018 'Other Vegetables' 단계별 값 (전세계 평균),
국거리·나물채소,채소,0.5321,0.0012,0.1762,0,0.0604,0.1655,0.0151,0.0417,0.072,0,direct,0.3,S001,P&N 2018 'Other Vegetables' 단계별 값 (전세계 평균),
건나물·묵나물,채소,0.5321,0.0012,0.1762,0,0.0604,0.1655,0.0151,0.0417,0.072,0,proxy,0.45,S001,P&N 2018 'Other Vegetables' 단계별 값 (전세계 평균),건조 나물은 중량 농축
산나물,채소,0.5321,0.0012,0.1762,0,0.0604,0.1655,0.0151,0.0417,0.072,0,direct,0.3,S001,P&N 2018 'Other Vegetables' 단계별 값 (전세계 평균),
잎·산채류,채소,0.5321,0.0012,0.1762,0,0.0604,0.1655,0.0151,0.0417,0.072,0,direct,0.3,S001,P&N 2018 'Other Vegetables' 단계별 값 (전세계 평균),
기타채소,채소,0.5321,0.0012,0.1762,0,0.0604,0.1655,0.0151,0.0417,0.072,0,direct,0.3,S001,P&N 2018 'Other Vegetables' 단계별 값 (전세계 평균),
버섯,버섯,2.8099,0.0063,0.9305,0,0.319,0.874,0.0797,0.2202,0.3802,0,group_mean,0.35,S003;S001,한국 식품군 평균 'Mushrooms' 2.81 kgCO2e/kg(전체 시스템)을 P&N 'Other Vegetables' 단계 비율로 배분 (국내 자료 우선),P&N 전세계 평균 총량 0.53 → 국내 식품군 평균 2.81로 대체; S003 Mushrooms 2.81(전체 시스템) 참고
잎채소,채소,0.5321,0.0012,0.1762,0,0.0604,0.1655,0.0151,0.0417,0.072,0,direct,0.3,S001,P&N 2018 'Other Vegetables' 단계별 값 (전세계 평균),
김치·절임류,김치·절임,0.739,0.0167,0.3623,0.0209,0.0101,0.1141,0.0203,0.098,0.0965,0.0001,pending,0.6,S001;S003,표준 배합 가정(배추 80%·무 8%·고춧가루 3%·마늘 2%·젓갈 2%·파 2%·당류 2%·소금 1%)의 재료 계수 합 + 가공·포장 가정. 환경성적표지 목록에 김치 없음(결정 13 대체안),교차 확인: 한국 식품군 평균 '채소' 2.15 kgCO2e/kg (전체 시스템)
사과,과일,0.4283,-0.029,0.2258,0,0.0038,0.0958,0.0166,0.0445,0.0708,0,direct,0.3,S001,P&N 2018 'Apples' 단계별 값 (전세계 평균),
배,과일,0.4283,-0.029,0.2258,0,0.0038,0.0958,0.0166,0.0445,0.0708,0,proxy,0.45,S001,P&N 2018 'Apples' 단계별 값 (전세계 평균),인과류
바나나,과일,0.8619,-0.0255,0.2696,0,0.0601,0.2958,0.021,0.0657,0.1752,0,direct,0.3,S001,P&N 2018 'Bananas' 단계별 값 (전세계 평균),
감귤류,과일,0.3876,-0.146,0.3067,0,0,0.0939,0.0167,0.0447,0.0716,0,direct,0.3,S001,P&N 2018 'Citrus Fruit' 단계별 값 (전세계 평균),
베리·포도류,과일,1.5319,0.0246,0.7178,0,0,0.2364,0.0171,0.2111,0.3249,0,direct,0.3,S001,P&N 2018 'Berries & Grapes' 단계별 값 (전세계 평균),
박과과일,과일,1.0528,0.127,0.3726,0,0.0156,0.1832,0.0164,0.042,0.296,0,direct,0.3,S001,P&N 2018 'Other Fruit' 단계별 값 (전세계 평균),
키위,과일,1.0528,0.127,0.3726,0,0.0156,0.1832,0.0164,0.042,0.296,0,direct,0.3,S001,P&N 2018 'Other Fruit' 단계별 값 (전세계 평균),
열대과일,과일,1.0528,0.127,0.3726,0,0.0156,0.1832,0.0164,0.042,0.296,0,direct,0.3,S001,P&N 2018 'Other Fruit' 단계별 값 (전세계 평균),
핵과류,과일,1.0528,0.127,0.3726,0,0.0156,0.1832,0.0164,0.042,0.296,0,direct,0.3,S001,P&N 2018 'Other Fruit' 단계별 값 (전세계 평균),
감,과일,1.0528,0.127,0.3726,0,0.0156,0.1832,0.0164,0.042,0.296,0,direct,0.3,S001,P&N 2018 'Other Fruit' 단계별 값 (전세계 평균),
기타과일,과일,1.0528,0.127,0.3726,0,0.0156,0.1832,0.0164,0.042,0.296,0,direct,0.3,S001,P&N 2018 'Other Fruit' 단계별 값 (전세계 평균),
견과류,견과,1.46,-10.9847,11.3779,0,0.1733,0.3598,0.1436,0.4171,-0.027,0,group_mean,0.35,S003;S001,한국 식품군 평균 'Nuts and seeds' 1.46 kgCO2e/kg(전체 시스템)을 P&N 'Nuts' 단계 비율로 배분 (국내 자료 우선),P&N 전세계 평균 총량 0.43 → 국내 식품군 평균 1.46로 대체
참깨,견과,1.4598,0.2193,0.7123,0,0.1857,0.0599,0.0212,0.0494,0.212,0,group_mean,0.35,S003;S001,한국 식품군 평균 'Nuts and seeds' 1.46 kgCO2e/kg(전체 시스템)을 P&N 'Groundnuts' 단계 비율로 배분 (국내 자료 우선),P&N 전세계 평균 총량 3.23 → 국내 식품군 평균 1.46로 대체; 유지종자
들깨,견과,1.4598,0.2193,0.7123,0,0.1857,0.0599,0.0212,0.0494,0.212,0,group_mean,0.35,S003;S001,한국 식품군 평균 'Nuts and seeds' 1.46 kgCO2e/kg(전체 시스템)을 P&N 'Groundnuts' 단계 비율로 배분 (국내 자료 우선),P&N 전세계 평균 총량 3.23 → 국내 식품군 평균 1.46로 대체; 유지종자
식용유,유지,3.73,1.6904,0.8294,0,0.1697,0.1634,0.0232,0.4636,0.3903,0,group_mean,0.35,S003;S001,한국 식품군 평균 'Plant oils' 3.73 kgCO2e/kg(전체 시스템)을 P&N 'Soybean Oil' 단계 비율로 배분 (국내 자료 우선),P&N 전세계 평균 총량 6.32 → 국내 식품군 평균 3.73로 대체; 대두유 기준
참기름,유지,3.7299,0.1268,2.0481,0,0.2183,0.1912,0.0407,0.813,0.2918,0,group_mean,0.35,S003;S001,한국 식품군 평균 'Plant oils' 3.73 kgCO2e/kg(전체 시스템)을 P&N 'Sunflower Oil' 단계 비율로 배분 (국내 자료 우선),P&N 전세계 평균 총량 3.6 → 국내 식품군 평균 3.73로 대체; 종자유
들기름,유지,3.7299,0.1268,2.0481,0,0.2183,0.1912,0.0407,0.813,0.2918,0,group_mean,0.35,S003;S001,한국 식품군 평균 'Plant oils' 3.73 kgCO2e/kg(전체 시스템)을 P&N 'Sunflower Oil' 단계 비율로 배분 (국내 자료 우선),P&N 전세계 평균 총량 3.6 → 국내 식품군 평균 3.73로 대체; 종자유
당류,당류,1.6885,0,0.562,0,0.206,0.7945,0.0367,0.0843,0,0.005,direct_product,0.2,S005;S001,환경성적표지 인증 제품 13개 kg당 중앙값(제조전·제조·폐기) + P&N 'Cane Sugar' 유통 대용,제품 예: 큐원 갈색설탕[1kg] 0.87; 큐원 갈색설탕[3kg] 0.83; 큐원 갈색설탕[15kg] 0.84; 큐원 흑설탕[1kg] 0.85; 큐원 흑설탕[15kg] 0.84; 백설 갈색설탕(1kg) 0.81
소금,양념,1.85,0,1.11,0,0.37,0.185,0,0.185,0,0,group_mean,0.35,S003,한국 식품군 평균 'Seasoning' 1.85 kgCO2e/kg (전체 시스템 5단계 합; 단계 배분 60/20/10/10은 가정),개별 품목값 없음 → 식품군 평균 대용
식초,양념,1.7886,-0.0613,0.626,0,0.1386,0.0933,0.0393,0.7492,0.2035,0,proxy,0.45,S001,P&N 2018 'Wine' 단계별 값 (전세계 평균),발효
간장,양념,1.7863,0.0333,1.0887,0,0,0.0962,0.0393,0.3532,0.1756,0,proxy,0.45,S001,P&N 2018 'Other Pulses' 단계별 값 (전세계 평균),대두 발효 + 가공
된장,양념,1.7863,0.0333,1.0887,0,0,0.0962,0.0393,0.3532,0.1756,0,proxy,0.45,S001,P&N 2018 'Other Pulses' 단계별 값 (전세계 평균),대두 발효
고추장,양념,1.7863,0.0333,1.0887,0,0,0.0962,0.0393,0.3532,0.1756,0,proxy,0.45,S001,P&N 2018 'Other Pulses' 단계별 값 (전세계 평균),대두·고춧가루·곡물
중식·동남아소스,양념,1.7863,0.0333,1.0887,0,0,0.0962,0.0393,0.3532,0.1756,0,proxy,0.45,S001,P&N 2018 'Other Pulses' 단계별 값 (전세계 평균),
마요네즈·드레싱,양념,6.3246,2.8662,1.4063,0,0.2878,0.277,0.0394,0.7861,0.6618,0,proxy,0.45,S001,P&N 2018 'Soybean Oil' 단계별 값 (전세계 평균),유지 기반
토마토소스,양념,2.0887,0.373,0.7054,0,0.0124,0.1771,0.0167,0.1457,0.6584,0,proxy,0.45,S001,P&N 2018 'Tomatoes' 단계별 값 (전세계 평균),농축
카레·루,양념,1.5736,0.0971,0.8203,0,0.2101,0.1254,0.056,0.0868,0.1779,0,proxy,0.45,S001,P&N 2018 'Wheat & Rye' 단계별 값 (전세계 평균),밀가루·유지
육수·스톡,양념,0.4081,0.034,0.2293,0.0522,0.0213,0.0071,0.0026,0.0039,0.0577,0,pending,0.6,S003,희석 국물 대용: 고형분 5%(멸치·다시마 기준) × 생선 계수 + 가열 가공 0.02 (가정),물 자체는 0에 가까움; 시판 육수 제품은 별도 EPD 없음
조리주,양념,1.7886,-0.0613,0.626,0,0.1386,0.0933,0.0393,0.7492,0.2035,0,direct,0.3,S001,P&N 2018 'Wine' 단계별 값 (전세계 평균),
향신료,양념,0.5321,0.0012,0.1762,0,0.0604,0.1655,0.0151,0.0417,0.072,0,proxy,0.45,S001,P&N 2018 'Other Vegetables' 단계별 값 (전세계 평균),건조 향신료 농축
기타양념·소스,양념,1.85,0,1.11,0,0.37,0.185,0,0.185,0,0,group_mean,0.35,S003,한국 식품군 평균 'Seasoning' 1.85 kgCO2e/kg (전체 시스템 5단계 합; 단계 배분 60/20/10/10은 가정),개별 품목값 없음 → 식품군 평균 대용
과일주스,음료,1.2996,0,0.495,0,0.521,0.1832,0.0164,0.042,0,0.042,direct_product,0.2,S005;S001,환경성적표지 인증 제품 1개 kg당 중앙값(제조전·제조·폐기) + P&N 'Other Fruit' 유통 대용,"제품 예: 피코크 ABC클렌즈주스 [900ml, PET] 1.06"
차·물,음료,0.3733,0,0.097,0,0.041,0.1655,0.0151,0.0417,0,0.013,direct_product,0.2,S005;S001,환경성적표지 인증 제품 35개 kg당 중앙값(제조전·제조·폐기) + P&N 'Other Vegetables' 유통 대용,"제품 예: EVERYDAY 산수 [0.33L] 0.25; 유어스 지리산 맑은 샘물[500mL] 0.20; 오늘의차 옥수수수염차[500mL,PET] 0.43; 오늘의차 황금보리[500mL,PET] 0.43; 오늘의차 아침헛개[500mL,PET] 0.42; 산수[18.9L] 0.02 | 차 음료·생수 EPD 기준"
유음료,음료,1.1725,0,0.5465,0,0.1455,0.0932,0.2651,0.1002,0,0.022,direct_product,0.2,S005;S001,환경성적표지 인증 제품 8개 kg당 중앙값(제조전·제조·폐기) + P&N 'Milk' 유통 대용,"제품 예: 칸타타 콘트라베이스 콜드브루 블랙[500mL,PET] 0.41; 칸타타 콘트라베이스 콜드브루 스위트블랙[500mL,PET] 0.41; 빙그레 딸기맛 우유[240ml] 0.68; 빙그레 바나나맛 우유[240ml, PS] 0.81; 빙그레 바나나맛 우유 Light[240ml, PS] 0.81; 칸타타 프리미엄 라떼[275mL,CAN] 0.92"
기타음료,음료,1.2655,0,0.242,0,0.081,0.7945,0.0367,0.0843,0,0.027,direct_product,0.2,S005;S001,환경성적표지 인증 제품 13개 kg당 중앙값(제조전·제조·폐기) + P&N 'Cane Sugar' 유통 대용,"제품 예: 칠성사이다 [500mL,PET] 0.38; 칠성사이다 [300mL,PET] 0.57; 칠성사이다 [300mL,ECO PET] 0.55; 코카-콜라 제로 [1.5L, PET] 0.26; 코카-콜라 제로 [500mL, PET] 0.35; 칠성사이다 [1.5L,PET] 0.27"
떡류,가공식품,2.43,-0.012,1.94,0,0.0356,0.0522,0.0346,0.0458,0.3338,0,group_mean,0.35,S003;S001,한국 식품군 평균 'Cereals' 2.43 kgCO2e/kg(전체 시스템)을 P&N 'Rice' 단계 비율로 배분 (국내 자료 우선),P&N 전세계 평균 총량 4.45 → 국내 식품군 평균 2.43로 대체; 쌀 + 가공
식빵·기본빵,,1.5736,0.0971,0.8203,0,0.2101,0.1254,0.056,0.0868,0.1779,0,proxy,0.45,S001,P&N 2018 'Wheat & Rye' 단계별 값 (전세계 평균),밀 + 제빵
제과·페이스트리,가공식품,1.5736,0.0971,0.8203,0,0.2101,0.1254,0.056,0.0868,0.1779,0,proxy,0.45,S001,P&N 2018 'Wheat & Rye' 단계별 값 (전세계 평균),밀·유지·계란 혼합
복합빵·조리빵,가공식품,1.5736,0.0971,0.8203,0,0.2101,0.1254,0.056,0.0868,0.1779,0,proxy,0.45,S001,P&N 2018 'Wheat & Rye' 단계별 값 (전세계 평균),복합
만두류,가공식품,1.5736,0.0971,0.8203,0,0.2101,0.1254,0.056,0.0868,0.1779,0,proxy,0.45,S001,P&N 2018 'Wheat & Rye' 단계별 값 (전세계 평균),밀피 + 돈육·채소 소
튀김·완제품,가공식품,3.9832,0,0.992,0,2.647,0.1254,0.056,0.0868,0,0.076,direct_product,0.2,S005;S001,환경성적표지 인증 제품 3개 kg당 중앙값(제조전·제조·폐기) + P&N 'Wheat & Rye' 유통 대용,제품 예: 피코크 묵은지 김치전(390g) 3.72; 피코크 수미 감자전(420g) 4.44; 피코크 순희네 빈대떡(400g) 3.51
시리얼,가공식품,1.7016,0.4752,0.7173,0,0.0783,0.0904,0.0393,0.0903,0.2108,0,proxy,0.45,S001,P&N 2018 'Maize' 단계별 값 (전세계 평균),
과자·디저트,가공식품,2.6952,0,1.571,0,0.549,0.1254,0.056,0.0868,0,0.307,direct_product,0.2,S005;S001,환경성적표지 인증 제품 13개 kg당 중앙값(제조전·제조·폐기) + P&N 'Wheat & Rye' 유통 대용,제품 예: 사또밥[67g] 2.40; 버터갈릭 팝콘[60g] 2.89; 영화관 팝콘[70g] 2.42; 장성규의 선 넘은 팝콘[100g] 2.68; 우유크림 팝콘[65g] 2.43; 치즈카라멜 팝콘[40g] 2.67
묵,가공식품,0.433,-3.2578,3.3744,0,0.0514,0.1067,0.0426,0.1237,-0.008,0,proxy,0.45,S001,P&N 2018 'Nuts' 단계별 값 (전세계 평균),도토리·전분
당면,면류,0.4601,-0.0013,0.1931,0,0,0.0939,0.0392,0.0445,0.0907,0,proxy,0.45,S001,P&N 2018 'Potatoes' 단계별 값 (전세계 평균),전분면
밀면류,면류,1.5736,0.0971,0.8203,0,0.2101,0.1254,0.056,0.0868,0.1779,0,direct,0.3,S001,P&N 2018 'Wheat & Rye' 단계별 값 (전세계 평균),
라면,면류,1.6252,0,0.983,0,0.3085,0.1254,0.056,0.0868,0,0.0655,direct_product,0.2,S005;S001,환경성적표지 인증 제품 4개 kg당 중앙값(제조전·제조·폐기) + P&N 'Wheat & Rye' 유통 대용,제품 예: 진라면 순한맛(120g) 1.37; 진라면 매운맛(120g) 1.31; 삼양라면[120g] 1.45; 불닭볶음면[140g] 1.30
조리완제품,가공식품,1.9301,0.0792,1.2129,0.0623,0.2008,0.0535,0.0187,0.1413,0.1614,0,pending,0.6,S001;S002,"밥류 조리완제품(주먹밥·김밥·볶음밥·컵밥 제품, 조리 후 중량 기준) 배합 가정: 건조 쌀 35%·돈육 5%·채소 10%·김 2%·유지 3% + 가공 0.15·포장 0.10",쌀 계수는 건조 곡물 kg 기준이므로 조리 후 제품에는 수분(약 60%)을 뺀 배합으로 적용
육류(불명),육류,13.0544,0.6508,9.7496,1.2466,0.5182,0.2022,0.0806,0.1254,0.481,0,proxy,0.45,S002;S001,축종 불명 육류 → 돼지고기(자급률 혼합) 대용,
