id,제목,발행처,URL,연도,확인일,라이선스·이용조건,범위,지역,비고
S001,"Reducing food's environmental impacts through producers and consumers (data via Our World in Data: ghg-per-kg-poore, food-emissions-supply-chain)","Poore J., Nemecek T., Science 360(6392) / Our World in Data",https://ourworldindata.org/grapher/food-emissions-supply-chain,2018,2026-09-04,CC BY (OWID),"cradle-to-retail(포장·유통·손실 포함), 단계별 분해값 제공, LUC 포함",global mean,"kgCO2eq/kg 소매중량. 단계: Land use change, Farm, Animal feed, Processing, Transport, Retail, Packaging, Losses"
S002,"고기, 농장에서 매장까지; 육류 소비의 전과정 탄소발자국 분석",기후솔루션(Solutions for Our Climate),https://forourclimate.org/ko/newsroom/1204,2026,2026-09-04,보도자료 공개,cradle-to-retail(도축·가공·유통 포함),KR(국내산) 및 수입산(미국·호주·뉴질랜드),"기준연도 2024, 보고서 발표 2026-05-08. 정육 1kg 기준. 국내산 쇠고기 58.15, 돼지고기 13.36, 닭고기 5.36, 미국산 쇠고기 32.05, 호주산 26.82, 뉴질랜드산 20.51"
S003,Development of the Food Systems-Related Greenhouse Gas Emissions Factor Database Using the KNHANES (2016-2018),"Hong JY, Kim MK. Environmental Health Perspectives 133(6), DOI 10.1289/EHP15534",https://pubmed.ncbi.nlm.nih.gov/40372422/,2025,2026-09-04,open access,전체 식품 시스템 5단계(농장·가공·유통·조리·폐기),"KR(한국 식품 3,894개)","Table 2 식품군 평균(kgCO2eq/kg): Cereals 2.43, Potatoes 1.45, Sugars 2.53, Pulses 2.06, Nuts&seeds 1.46, Vegetables 2.15, Mushrooms 2.81, Fruits 2.11, Seaweeds 0.59, Plant oils 3.73, Meats 16.21, Eggs 4.08, Fishes 7.76, Milk 3.56, Animal fats 11.10, Seasoning 1.85, Beverages 5.20. 개별 품목 DB는 보충자료 확인 필요"
S004,통계자료를 활용한 국내 과수 농산물의 전과정평가 연구,"이지선 외, 한국기후변화학회지 13(6)",https://jccr.re.kr/_common/do.php?a=full&b=42&bidx=3158&aidx=35223,2022,2026-09-04,학술지,농자재 제조 + 농산물 생산(수확 후 단계 제외),KR,"면적당 값(kgCO2eq/10a, 2014-2018 평균): 사과 867, 배 1,146, 포도 791, 복숭아 643, 단감 658, 밀감 417. kg당 환산에는 통계청 단수(kg/10a) 필요 → 보류"
S005,"환경성적표지 인증제품 유효현황(2025.12.31) - 유효인증현황 시트, 탄소발자국 항목",기후에너지환경부 사전정보공표,https://mcee.go.kr/home/file/readDownloadFile.do?fileId=94783&fileSeq=11,2025,2026-09-04,공공데이터,제품별 EPD: 제조전(원료)+제조+사용+폐기 (식품은 사용단계 '-'); 유통 단계는 P&N 대용값을 더함,KR,제품 단위 값을 제품명 중량으로 나눠 kg당 환산. 표준 재료별 중앙값 사용
S006,"Environmental impact of the main household cooking systems - A survey (조리 방법별 에너지 원단위: Foster et al. 2006, Carlsson-Kanyama & Boström-Carlsson 2001 인용)",Italian Journal of Food Science,https://www.itjfs.com/index.php/ijfs/article/view/2170/786,2021,2026-09-04,open access,"소비(조리) 단계 에너지: 끓임 3.5, 튀김·볶음 7.5, 구이 8.5, 전자레인지 0.34 MJ/kg (가정용 기준)",EU/UK,단체급식 대량조리는 kg당 에너지가 더 낮을 가능성 → 상한 성격의 대용값(proxy)
S007,"2006 IPCC Guidelines for National GHG Inventories, Vol.5 Ch.4 Biological Treatment of Solid Waste, Table 4.1",IPCC,https://www.ipcc-nggip.iges.or.jp/public/2006gl/pdf/5_Volume5/V5_4_Ch4_Bio_Treat.pdf,2006,2026-09-04,public,"폐기 단계: 퇴비화 CH4 4 g/kg(습중량), N2O 0.24 g/kg(습중량); 혐기소화 CH4 0.8 g/kg",global default,"AR5 GWP(CH4 28, N2O 265) 적용 시 퇴비화 0.1756 kgCO2e/kg 습중량"
S008,"2006 IPCC Guidelines Vol.2 Energy, Ch.2 Table 2.2 default CO2 emission factors (natural gas 56,100 kg/TJ; LPG 63,100 kg/TJ)",IPCC,https://www.ipcc-nggip.iges.or.jp/public/2006gl/pdf/2_Volume2/V2_2_Ch2_Stationary_Combustion.pdf,2006,2026-09-04,public,소비(조리) 연료 연소 CO2,global default,도시가스(LNG) 0.0561 kgCO2/MJ
S009,2023년 전력배출계수 확정 공표(0.4173 tCO2eq/MWh; 2020~2022 평균 0.4541 대비 8.1% 감소),기후에너지환경부 (에너지신문 2025-12-18 보도),https://www.energy-news.co.kr/news/articleView.html?idxno=221107,2025,2026-09-04,보도자료,소비(조리) 전력,KR,갱신 주기 3년→1년으로 단축. 보고서 차용값 0.683 대체
S010,"군 급식 1일 영양 기준: 열량 3,000 kcal, 탄수화물 456 g, 단백질 127.5 g, 지방 74 g (2017년 국방부 장병 영양섭취기준 개정; 육군훈련소 '군급식의 이해' 동일)",국방부 / 육군훈련소 (식품음료신문 2017-01-24 보도),https://katc.mil.kr/katc/living/feed01.jsp,2017,2026-09-04,공개,군부대 분량 배율 산정 근거,KR,"1끼 = 3,000/3 = 1,000 kcal 가정(3끼 균등)"
S011,"군부대 환경 통계, 급식 잔반량 감소 도움된다 (국방부 추정: 각 군 평균 음식물쓰레기는 조리 대비 15% 발생)",대한급식신문,http://www.fsnews.co.kr/news/articleView.html?idxno=14785,2015,2026-09-04,보도,폐기 단계: 조리량 대비 음식물쓰레기 비율,KR(군),타 세그먼트도 동일 비율을 대용(proxy)
S012,급식회사 내부 조리지침서(비공개),비공개,,,,비공개 — 이 저장소의 공개 데이터에는 포함하지 않음,,,"레시피 분량 분포·템플릿·메뉴 빈도·연령별 배율을 만드는 데 쓰였고, 해당 데이터는 공개하지 않습니다."
